;Dimension 1: Open Data Policy;;;;;;;;;;;
ID;Question;Answer from 2023;Explanation from 2023;Confirm, change or complement answer/explanation from 2023;Provide updated answer (if applicable);Provide updated explanation (if applicable);;;;;;
;1.1 Policy framework;;;;;;;;;;;
P1;"Is there a national open data policy in your country and, if your country is an EU Member State, does this include a national legislation for the transposition of the Open Data Directive?

For Explanation:
* If yes, please provide (1) the URL and (2) title of the policy document and (3) briefly describe.
* If ‘other’, please provide (1) a brief explanation to support your answer choice and (2) provide the URL and indicate the policy section which explicitly references open data.";yes;"Czech National Open Data Policy is defined by the Free Access to Information Act No. 106/1999 Coll. that enables public bodies to publish their data in open and machine readable formats. It introduces the term “open data” and underlines the role of National Open Data Portal as its main information platform for open data in the Czech Republic. It is obliged by the Free Access of Information Act that all public bodies that publish open data, have to catalog it into the National Open Data Portal. Moreover, Free Access to Information Act No. 106/1999 Coll. defines data which must be mandatorily published as open data. The previous government regulation No. 425/2016 Coll. with a list of datasets was replaced by the new obligation defined in section 5a of the Free Access to Information Act No. 106/1999 Coll. The Open Data Directive transposition was the part  the amendment of the Act No. 106/1999 Coll. came into force in September 2022.
The obligations related to the Public Data Fund, which should be provided by guaranteed open data, are defined in Act No. 111/2009 Coll., on Basic Registers. See https://www.zakonyprolidi.cz/cs/1999-106.";Complement;;Czech National Open Data Policy is defined by the Free Access to Information Act No. 106/1999 Coll. that enables public bodies to publish their data in open and machine readable formats. It introduces the term “open data” and underlines the role of National Open Data Catalog as its main information platform for open data in the Czech Republic. It is obliged by the Free Access of Information Act that all public bodies that publish open data, have to catalog it into the National Open Data Catalog. Moreover, section 5a of the Free Access to Information Act No. 106/1999 Coll. defines that data that are public by law must be mandatorily published as open data (Open Data by Default). The Open Data Directive transposition was the part of the amendment of the Act No. 106/1999 Coll. that came into force in September 2022. See: https://www.e-sbirka.cz/sb/1999/106/2024-01-01?zalozka=text.;;;;;;
P2;"Is there a national open data strategy in your country?

For Explanation:
* If yes, please provide (1) the URL to the strategy and (2) describe the main highlights.  
* If 'not applicable', please provide (1) a brief explanation to support your answer choice and provide (2) the URL and indicate the policy section which explicitly references objectives, actions/measures, delivery timelines etc.";yes;"The National Open Data Strategy is defined by the national digitisation strategy Digital Czechia adopted in 2018 and the main document that sets out the basic framework for this strategy called Information Conception. Open Data Strategy is fragmented into several principles and main goals of the Conception since it is not seen as a self-sustaining policy, but one of the building blocks of the digitization process. OD Strategy is supported primarily by the Principles P4 called Openness and Transparency and P13 called Open Data by Default of the Conception and the main objective 1.5 Development of the National Open Data Catalog and 5.10 Public Data Fund that strengthen the position of the open data both practically by supporting its position in data sharing process and legislatively by introducing the Open Data by Default principle. The Public Data Fund should provide guaranteed open data that users can rely on. In the first phase, these should be the code lists. 
See https://www.digitalnicesko.cz/informacni-koncepce-cr/ and https://archi.gov.cz/en:ikcr.";Complement;;"The National Open Data Strategy is defined by two documents. The first one is the national digitisation strategy Digital Czechia adopted in 2018 and its main part that sets out the basic framework called Information Conception. Open Data Strategy is fragmented into several principles and main goals of the Conception since it is not seen as a self-sustaining policy, but one of the building blocks of the digitization process. OD Strategy is supported primarily by the Principles P4 called Openness and Transparency and P13 called Open Data by Default of the Conception and the main objective 1.5 Development of the National Open Data Catalog and 5.10 Public Data Fund that strengthen the position of the open data both practically by supporting its position in data sharing process and legislatively by introducing the Open Data by Default principle. See https://digitalnicesko.gov.cz/vize/#ctyri-pilire-digitalniho-ceska and https://archi.gov.cz/en:ikcr.
The second one, adopted by the Government in 2024, is called the Strategy for Data Management in Public Administration of the Czech Republic 2024-2030, where Objective 4.1 Publication of Open Data aims to fulfill legal obligations related to the publication of open data and to ensure their traceability, quality and reuse. See: https://data.gov.cz/přílohy/články/projekt-DIA-pomůže-úřadům-zlepšit-správu-dat/Strategie%20pro%20správu%20dat%20ve%20VS.pdf. ";;;;;;
P3;"Is there an open data policy/strategy at regional or local level?

For Explanation:
* If yes, please (1) provide the URL and (2) title of the document(s) and (3) briefly describe.";yes;Yes, there are several regional or local Open Data Strategies, usually as a part of an overall development/smart/digitalisation strategy. For example: Action Plan 2050 for the City of Brno (https://brno2050.cz/wp-content/uploads/2018/12/Strategie_BRNO_2050_AP-2020_pracovn%C3%AD-verze_31-10-2018_web.pdf ), Smart Prague 2030 Strategy (https://smartprague.eu/files/koncepce_smartprague.pdf), Smart City Strategy of the City Uherský Brod (https://www.ub.cz/Public/docs/KOMPAS/Strategie_Smart_City.pdf ), or Smart Bohemian Region Strategy 2019-2023 (https://www.kraj-jihocesky.cz/sites/default/files/inline-files/SRJK_finalni%20verze%20dokumentu_pro%20zverejneni.pdf).;Complement;;"There are several regional or local Open Data Strategies, usually as a part of an overall development/smart/digitalisation strategy. For example:
Action Plan 2050 for the City of Brno (https://brno2050.cz/wp-content/uploads/2018/12/Strategie_BRNO_2050_AP-2020_pracovn%C3%AD-verze_31-10-2018_web.pdf) 
Smart Prague 2030 Strategy (https://smartprague.eu/files/koncepce_smartprague.pdf)
Hradec Kralove Region (https://www.kr-karlovarsky.cz/system/files/migrate/samosprava/dokumentykk/dokumenty/ADE_KUKK_ICT_Strategie_20221217_final_signed.pdf)
Olomouc Region (https://www.olkraj.cz/koncepce-open-datoveho-portalu-olomouckeho-kraje-aktuality-11682.html)
Moravian-Silesian Region (https://www.msk.cz/assets/temata/strategicke_dokumenty/ik_msk_2020.pdf)
Smart City Strategy of the City Uherský Brod (https://www.ub.cz/Public/docs/KOMPAS/Strategie_Smart_City.pdf)
Poruba (https://poruba.ostrava.cz/cs/o-porube/strategicke-dokumenty/strategicke-dokumenty/Koncepc_ICT_mestskeho_obvodu.pdf) 

Moreover, the new Strategy for Data Management in Public Administration of the Czech Republic 2024-2030 is aimed at both national and regional/local level. Objective 4.1 of the Strategy called Publication of Open Data aims to fulfill legal obligations related to the publication of open data and to ensure their traceability, quality and reuse. See: https://data.gov.cz/přílohy/články/projekt-DIA-pomůže-úřadům-zlepšit-správu-dat/Strategie%20pro%20správu%20dat%20ve%20VS.pdf";;;;;;
P4;"Does the national strategy/policy include an action plan with measures to be implemented in the open data field?

For Explanation:
If yes, please briefly describe the main measures described by the action plan.";yes;"See Information Conception and Implementation Plans of IC. https://www.mvcr.cz/webpm/clanek/rada-vlady-pro-informacni-spolecnost.aspx?q=Y2hudW09Ng%3d%3d 
The main measures to be implemented are:
Development of the National Open Data Catalog
Development of open formal standards for quality open data
Promotion of open data among the public
Update of Government Regulation 425/2016 Coll., on the list of information published as open data
Expansion of number of CZSO open data sets
Compilation of publication plans for open data by individual central public authorities
Publication of data on current activities, management and public administration, ideally in the form of barometers with the support of open data according to the definition of Act No. 106/2000 Coll.
The conversion of already published public data (by law) into open data (classes 3 and above)
Publication of open data in the Public Data Fund
Open data of the Ministry of the Environment

Moreover, with the transition of the digitization agenda strategy to the Government Council for Information Society, for the year 2023 were defined the another measurements to be implemented:
Fulfillment of legal obligations related to Open Data by Default principle
Metadata searchability of all official boards, public registers, HVDs and code books in one place - in the National Open Data Catalogue
Greater transparency of public administration
Possibility of further use of data in public administration and the private sector/ the public";Complement;;"The Government Council for Information Society for the year 2024 has issued the Implementation Plan of the Digital Czech Republic 2024 programme. It includes currently monitored activities linked to the implementation of the principles and objectives of the strategy mentioned above. For the 2024, the following objectives are registered:
Technology Platform for Interoperability
Creation of new open datasets - a prerequisite for a data-driven economy
Changing the governance and publication of open data 
Development of the National Open Data Catalogue with advanced features 
Making environmental open data and HVDS available 
Information system for reporting the results of continuous emission measurements 
Creation of new open datasets - Hydrometeorological products and services
The status of implementation is recorded for the individual projects that have secured funding.
The implementation plan is also contained in the Public Sector Data Management Strategy itself. It monitors the implementation of four actions to be implemented in the period 2024-2025:
Publish public data as open data
Monitor compliance with open data obligations
Provide practical support for the re-use of open data
Ensure the operation and development of the National Open Data Catalogue
Digital and Information Agency will provide information on the current status of the implementation of the measures before the end of 2024 and again before the end of 2025 with summary information on the implementation strategy to the Government. ";;;;;;
P5;"Does the national strategy/policy outline measures to incentivise the publication of and access to real-time or dynamic data?

For Explanation:
* If yes, please briefly describe the measures.";yes;The amendment of the Act No. 106/1999 Coll. From September 2023 introduces the provision of dynamic data as open data and one of the mains is to ensure the usability of dynamic information that can carry high social and economic value. See https://www.zakonyprolidi.cz/cs/1999-106.;Complement;;The amendment of the Act No. 106/1999 Coll. From September 2023 introduces the provision of dynamic data as open data and one of the mains is to ensure the usability of dynamic information that can carry high social and economic value. See https://www.e-sbirka.cz/sb/1999/106/2024-01-01?zalozka=text. The fulfilment of legal obligations is reported annually by the Digital and Information Agency directly to the  Government Council for Information Society on the basis of reporting from the Open Data Providers Working Group. From 2024, providers can indicate in the National Open Data Catalogue which datasets are dynamic data, which will make monitoring easier in the future. ;;;;;;
P6;"Does the national strategy/policy outline measures to incentivise the publication of and access to citizen-generated data?

For Explanation:
* If yes, please briefly describe the measures.";no;;Change;Yes;"The Digital Czechia strategy also includes the document Czechia in Digital Europe 2024, which focuses on building digital single market in Europe and sets out the main objectives of the Czech Republic in the negotiations on the EU digital agenda. Goal 3.2 states, among other things, that the Czech Republic will support initiatives that will lead to more intensive and easier data creation and sharing among all actors, whether they are organisations, public authorities or academic institutions. At the same time the Czech Republic will promote the sharing of good practice in the European debate and the overall raising of public awareness of the benefits of data sharing. The priority for data remains the process of opening up data, not only in public authorities but also on a voluntary basis by businesses and the public.

See Czechia in Digital Europe - 3.2 Supporting the European data economy: https://digitalnicesko.gov.cz/vize/#ctyri-pilire-digitalniho-ceska. ";;;;;;
P7;"Does the national strategy/policy foster the discoverability of the aforementioned types of data from your country on data.europa.eu?

For Explanation:
* If yes, please briefly describe how.";yes;The National Open Data Portal created in accordance with Information Conception of the Czech Republic and legislatively enforced by the Act No. 106/1999 Coll., directly and automatically sends all metadata to the European Data Portal, aforementioned types of data included. For the process see: https://docs.google.com/presentation/d/1PtaZCXN3VBlAgXdeE6y4-qjPP3aPGJHs3Re6wI84jFc/edit#slide=id.ge280a34ec0_0_6 (slide 20). Regarding the geospatial and dynamic data, open data providers are, in accordance with the metadata standards, obliged to describe the format of data and key words to ensure their discoverability at the Portal. Citizen-generated data are not part of the Czech National Open Data Portal, therefore are not automatically sent to the European Data Portal.;Complement;;The National Open Data Portal created in accordance with Information Conception of the Czech Republic and legislatively enforced by the Act No. 106/1999 Coll., directly and automatically sends all metadata to the European Data Portal, aforementioned types of data included. For the process see: https://docs.google.com/presentation/d/1PtaZCXN3VBlAgXdeE6y4-qjPP3aPGJHs3Re6wI84jFc/edit#slide=id.ge280a34ec0_0_6 (slide 20). Regarding dynamic data, in accordance with the new standards (from May 2024), which are mandatory, providers should mark the data with a link to the relevant legislation (dynamic data are part of the specific paragraph of the Act 106/1999 Coll.). In the past, they have used keywords and descriptions, which have made their way into the European Data Portal. In the case of citizen generated data, currently, according to the findings in the National Open Data Team, they are published in the National Catalog (and therefore in the European Data Portal) through public authorities and their affiliation to the aforementioned group is usually part of the description (e.g. https://data.gov.cz/datov%C3%A1-sada?iri=https%3A%2F%2Fdata.gov.cz%2Fzdroj%2Fdatov%C3%A9-sady%2F65993390%2F1087749998, https://data.gov.cz/datov%C3%A1-sada?iri=https%3A%2F%2Fdata.gov.cz%2Fzdroj%2Fdatov%C3%A9-sady%2F44992785%2Faee8d88c79b4e167a10b57c0ce827ec5).;;;;;;
P8;"Does the national strategy/policy outline measures to support the reuse of open data by the public sector?

For Explanation:
* If yes, please briefly describe the measures.";yes;The Information Conception of the Czech Republic fosters the existence of the Public Data Fund. The Public Data Fund should provide guaranteed open data (in the first phase the code lists). To support the re-use of data in the Public Data Fund, a notification hub will be created, which will send notifications of data changes. Due to new obligations related to fulfillment the base Register of Rights and Duties, the data users will have an overview which public data are collected following the agendas and gain the link to the dataset in the National Open Data Catalog. See Goal  5.10 of the Conception at https://archi.gov.cz/en:ikcr#sub-objective_510develop_open_data_and_public_data_and_public_services or https://archi.gov.cz/en:nap:verejny_datovy_fond.  ;Complement;;"existence of the Public Data Fund. The Public Data Fund should provide guaranteed open data.  Due to new obligations related to fulfillment the base Register of Rights and Duties, the data users will have an overview which public data are collected following the agendas and gain the link to the dataset in the National Open Data Catalog. See Goal 5.10 of the Conception at https://archi.gov.cz/en:ikcr#sub-objective_510develop_open_data_and_public_data_and_public_services.
In addition, action to promote the re-use of open data is also part of the Strategy for Data Management in Public Sector as part of the strategic area entitled Using data to support decision making in public administration. The measure foresees the use of data through tools in the National Catalogue, where the services using the data are then registered. See: https://data.gov.cz/p%C5%99%C3%ADlohy/%C4%8Dl%C3%A1nky/projekt-DIA-pom%C5%AF%C5%BEe-%C3%BA%C5%99ad%C5%AFm-zlep%C5%A1it-spr%C3%A1vu-dat/Strategie%20pro%20spr%C3%A1vu%20dat%20ve%20VS.pdf.";;;;;;
P9;"Does the national strategy/policy outline measures to support the reuse of open data by the private sector?

For Explanation:
* If yes, please briefly describe the measures.";yes;"The Information Conception of the Czech Republic fosters the existence of the Public Data Fund. The Public Data Fund should provide guaranteed open data (in the first phase the code lists). Due to new obligations related to fulfillment the base register of rights and duties, the data users will have an overview which public data are collected following the agendas and gain the link to the dataset in the National Open Data Catalog. See Goal  5.10 of the Conception at https://archi.gov.cz/en:ikcr#sub-objective_510develop_open_data_and_public_data_and_public_services or https://archi.gov.cz/en:nap:verejny_datovy_fond 
Moreover, the amendment to the Act No. 106/1999 introduces the so-called standard conditions of use, which must be respected by obliged entities when providing information (in open data format included). These are defined in § 4a as conditions that are ""objective, reasonable, non-discriminatory, non-exclusive and do not limit the method or purpose of subsequent use of the information provided"". Therefore, obliged entities cannot limit further use of data and information to non-commercial use only and should support the reuse by the private sector in any possible way.";Complement;;"The Act No. 106/1999 introduces the so-called standard conditions of use, which must be respected by obliged entities when providing information (in open data format included). These are defined in § 4a as conditions that are ""objective, reasonable, non-discriminatory, non-exclusive and do not limit the method or purpose of subsequent use of the information provided"". Therefore, obliged entities cannot limit further use of data and information to non-commercial use only and should support the reuse by the private sector in any possible way.  

The Act further states that information about products and services that use open data and other information should be registered in the national catalog, which, according to the explanatory report to the act, should support reuse by the public and business. Finally, support for re-use is also part of the measures in the Strategy of Data Management for Public Sector - 4.1.3: Provide practical support for the reuse of open data.";;;;;;
P10-a;"Does the national strategy/policy mandate carrying out and maintaining a data inventory by public bodies, whether at national or local level?

For Explanation:
* If yes, please briefly specify.";yes;In the Czech Republic there is an inventory called The Register of Rights and Duties - a register that provides a basic overview of the agendas carried out by public authorities and the related data. According to the Act No. 111/2009 Coll., public authorities are obliged to identify what data in agenda is classified and to distinguish public and non-public data. A new methodology for defining data in the agenda has been developed in 2022/2023, according to which organisations should proceed. The objective 3.04 of the Information Conception is aimed at improving, updating and validating the content of the Register.;Complement;;"Moreover, the Strategy of Data Management for Public Sector includes measures to create local inventories that contain metadata about all data sources, including information about
from which source systems the data comes and how and to whom it is shared. Local inventories are harvested by national inventory.";;;;;;
P10-b;"Do these data inventories include the data collected by public bodies that cannot be published as open data (e.g. in relation to the EU Data Governance Act (EU) 2022/868)? 

For Explanation:
* If yes, please briefly specify.";yes;"According to the Act No. 111/2009 Coll., public authorities are obliged to identify what data in agenda is classified, it means public as well as non-public data. Only public data are supposed to be open by default and published in the National Open Data Portal (Catalog). 
In addition, the Data Management Act (transposition of Chapter 2 of the DGA) is currently being drafted and includes an obligation to establish an inventory list of all available public sector data sources. It is assumed that this list will be directly linked to the inventory called the Register of Rights and Duties (see 9a).";Complement;;According to the Act No. 111/2009 Coll., public authorities are obliged to identify what data in agenda is classified, it means public as well as non-public data. Only public data are supposed to be open by default and published in the National Open Data Portal (Catalog). The Inventory List created in connection with the DGA is connected to the Register of Rights and Duties, where public and non-public data are distinguished and those data that meet the requirements of the DGA are harvested.;;;;;;
P11;"Is your country applying the implementing regulation (EU) 2023/138 on high-value datasets?

For Explanation:
* If yes, how is it progressing? 
* If you are an EFTA or a candidate country to the EU, please select 'not applicable'.
** In the table below, please indicate your progress with respect to a) organisation, b) legal aspects, c) technical aspects on a scale from 1 to 5. 1 = no progress; 2 = few progress; 3 = some progress; 4 = considerable progress; 5 = works are finalised.";new question;new question;Change;Yes;Implementing regulation on HVD was directly transposed into Act. 106/1999 Coll. and is directly binding on public entities. Following this, the National Open Data Team carried out an analysis of the authorities' responsibility for individual categories and data sets, and according to regular monitoring, it was verified how and which authorities are ready for publication. Furthermore, following technical guidelines from the EC, a legally binding metadata standard (DCAT-AP-CZ) was updated, which allows authorities to publish HVDs so that they are recognizable and fulfill the required extended metadata structure.;;;;;;
;Categories of high-value datasets;Answers  2024;;Degree of progress (from 1 to 5);;;;;;;;
;;Organisational progress;Legal progress ;Technical progress ;Technical progress ;Technical progress ;Technical progress ;Technical progress ;;;;
;;Setting up new roles and workflows;Addressing legal barriers;Identification and inventory of high-value datasets;Publication of high-value datasets in machine-readable formats via APIs;Publication of high-value datasets as bulk download, where relevant;Standardised means to structure, describe, access high-value datasets;Ensuring metadata availability and quality;;;;
P11-a;Geospatial;5;5;4;4;5;4;4;;;;
P11-b;Earth observation and environment;5;5;4;3;3;3;3;;;;
P11-c;Meteorological;5;5;5;2;2;2;1;;;;
P11-d;Statistics;5;5;3;2;3;3;4;;;;
P11-e;Companies and company ownership;5;5;5;1;3;1;1;;;;
P11-f;Mobility;5;5;4;2;3;2;2;;;;
P12;"Have the public bodies in your country denoted relevant datasets as high-value datasets in their metadata following the publication of the implementing regulation (EU) 2023/138 on high-value datasets?

For Explanation:
*  If yes, please specify how and highlight challenges, if any. 
* If you are an EFTA or a candidate country to the EU, please select 'not applicable'.";new question;new question;Change;Yes;Public bodies are obliged by law to publish HVD according to the metadata standard created according to technical guidelines by the EC. The Czech version of DCAT-AP was thus expanded by selected features according to the requirements of the implementing act, including the item relevant legislation, which allows the authorities to mark HVD as HVD. In case they do so, in the basic search of the national catalog, the data set will additionally receive the HVD label.;;;;;;
;1.2 Governance of open data;;;;;;;;;;;
P13;"Is there a governance structure in place that enables the participation and/or inclusion of various open data stakeholders? 

For Explanation:
*  If yes, please briefly describe the governance structure and its operating model ";new question;new question;Change;Yes;A working group for open data providers operates under the Government Council for the Information Society, which meets at least four times a year and includes representatives from central authorities and regions. At the same time, the head of the Government Council for the Information Society has an advisory body called the Digital Team, which is composed of representatives of business, authorities and civil society.;;;;;;
P14;"How would you classify the model used for governing open data in your country? 

For Explanation:
*  Please briefly explain why this model was chosen/works best for your country";top-down;At the beginning of the process of data opening, a bottom-up approach worked in the Czech Republic - a few providers decided to open data in a good quality as a result of small local iniciatives. Subsequently, a public body (the National Open Data Team) was created within the hybrid governance model to assist these providers, but still without support of legislation. Currently, the data opening takes place within the top-down model, where the obligation to open data is anchored by the principle of open data by default, and all affected entities must participate in the process, cooperate with the National Open Data Team and publish open data in the National Open Data Catalog.;Confirm;;;;;;;;
P15;"Does the governance structure ensure that the local and regional open data initiatives are facilitated and supported at national level?

For Explanation:
* If yes, please give an example of what kind of support.
* If not applicable, please explain why.";new question;new question;Change;Yes;"The working group for open data providers, which operates under the Government Council for the Information Society, also includes representatives of the regions. Furthermore, a memorandum was signed in 2024 between the Digital and Information Agency and the Union of Towns and Municipalities of the Czech Republic, where one of the priorities is the promotion of Open Data as a source of information originating from public sources. The parties to the memorandum are ready to help use Open Data resources for societal purposes, including informed decision-making by municipalities and citizens. URL to the memorandum: https://data.gov.cz/p%C5%99%C3%ADlohy/2024-09-11/Memorandum_o_spolupraci_SMOCR_DIA_podepsano_11.3.2024.pdf The National Open Data Team from the Digital and Information Agency also regularly participates in conferences and educational events organized by the regions for municipalities. The National open data coordinator regularly grants patronage over the regional open data hackathons, in Hradec Králové: https://www.datakhk.cz/pages/hackathony, Brno: https://data.brno.cz/pages/hackathon2024, Plzeň: https://www.plzensky-kraj.cz/odborna-konference-a-hackathon-otevrenych-dat-plz-2, Olomouc: https://www.olkraj.cz/v-patek-20-10-2023-zacina-tridenni-hackathon-aktuality-12494.html
Futhermore the team of national open data coordinator participated on the digital fair URBIS at the Data Brno Workshop. The workshop was about the open data portal and many regional representatives took part e.g. Hradec Králové, Prague, Brno. The Open data team also annually attends the meeting of all CZ regions regarding the digital agenda: https://budoucnostjedigitalni.gov.cz/archive-2023/#setkani-subjektu-verejne-spravy-na-tema-otevrenych";;;;;;
P16;"To what degree do local/regional public bodies conduct open data initiatives? 

For Explanation:
* If not applicable, please explain why.";few public bodies;"There is currently more than 6000 of municipalities in the Czech Republic. Thinking of this number, there is only few public bodies participating on data opening process. However, with Act. 261/2021 Coll. the obligation publish open data of offcial boards for all municipalities with extended powers and regional municipalities (219 of data providers) came into force. When it comes to open data initiatives there are several of them on regional/local level. For example:
Brno - https://data.brno.cz/    
Hradec Králové Region - https://www.datakhk.cz/
Prague - https://www.pragozor.cz/  ";Change;The majority of public bodies;We are editing the answer based on the webinar with EC. Regarding open data obligations for local and regional bodies, most of them fulfill these obligations and publish the data. In addition, almost all regional bodies and some local bodies have an open data portal and publish a large amount of data voluntarily beyond legal obligations.;;;;;;
P17;"Is a document describing the responsibilities and governance structure of the national (and/or regional/local) open data team publicly available?

For Explanation:
* If yes, please provide the URL where this information is published. ";yes;The up-to date information about the reposabilities, working approach, activities and strategies of the National Open Data Team is  part of the respective Annual Reports on the State of Open Data available on the data.gov.cz - https://data.gov.cz/výroční-zprávy/.;Confirm;;;;;;;;
P18;"Is there a regular exchange of knowledge or experiences between the national open data team and the team maintaining the national portal? 

For Explanation:
* If yes, please briefly describe how this exchange takes place and provide evidence supporting your answer (e.g. meeting agendas, URLs to news items).";yes;The team maintaining the national portal is an integral part of the National Open Data Team.;Confirm;;;;;;;;
P19;"Does the governance model include the appointment of official roles in civil services that are dedicated to open data (e.g. open data officers)?

For Explanation:
* If yes, please describe how this task is fulfilled at public body level.";yes;First of all, for the process of opening data in a public body, a public body has to appoint an open data chief officer (coordinator/officer/steward) who is in charge of open data implementation. The open data officer prepares with the cooperation of public servants an internal directive, which set the roles of data stewards, data officers, and head of institution in order to ensure the process of opening data smoothly. The main task is to prepare an open data publication list (plan) with selected datasets with identified risks and benefits along with a time framework for publication. You can see more about the process and roles within the institution open data management in our Czech national guidelines on the National Open Data Portal – See https://opendata.gov.cz/standardy:vytvoreni-publikacniho-planu. ;Confirm;;;;;;;;
P20;"Is there a regular exchange of knowledge or experiences between the national open data team and the wider network of open data officers in your country? 

For Explanation:
* If yes, please briefly describe how this exchange takes place and provide evidence supporting your answer (e.g. meeting agendas, URLs to news items).";yes;The National Open Data Coordinator is the main lead of Open Data Working Group which operates under the Council of Government for Information Society (government advisory and coordination body for reforms of digitisation of Czech public administration). The group consists of almost 30 Open Data Coordinators from ministries and other Czech public bodies. Meetings are held every three months. Information about the working of the group are available in the respective Annual Reports of the State of Open Data here: https://data.gov.cz/výroční-zprávy/. Moreover, the National Open Data team and open data providers publish articles on the Open Data Portal. Experience and good practice are shared in this way. See https://data.gov.cz/články/;Confirm;;;;;;;;
P21;"Is there a regular exchange of knowledge or experiences between public sector bodies (i.e. the providers) and open data reusers (e.g. academia, citizens, businesses)?

For Explanation:
* If yes, please briefly describe how this exchange takes place and provide evidence supporting your answer (e.g. meeting agendas, URLs to news items).";yes;There are several regular/annual events dedicated to the exchange of experineces between public sector and open data re-users. Open Data Expo organized by the civil sector oragnisation OSF Prague (https://osf.cz/open-data-expo-2022/), the annual conference of the National Open Data Team (https://opendata.gov.cz/edu:konference:start) or the open data hackathon organized by public sector organisations (https://www.hackujstat.cz/). Moreover, public body UZIS annualy organizes webinar/conference about open health data (https://nzis-open.uzis.cz/) for public bodies, journalists, academics, civil society and busines.;Complement;;"There are several regular/annual events dedicated to the exchange of experiences between public sector and open data re-users. The annual data conference is organised by the Data team of Digital and Information Agency. It is the opportunity for the providers as well as data users to present use cases, good practices as well as to share the skills and knowledge. Public health data body UZIS annually organizes conference about open health data for public bodies, journalists, academics, civil society and business. There are also several hackatons (at least 5 plus a national final round) during the year organised by public bodies. Public data providers work closely with data enthusiasts. More over Data team of DIA organise informal meetups with the open data community.
https://opendata.gov.cz/edu:konference:start 
https://nzis-open.uzis.cz/ 
https://data.brno.cz/pages/hackathon 
https://www.datakhk.cz/pages/hackathony 
https://hpk.maleskoly.info/ 
https://www.hackujstat.cz/";;;;;;
;1.3 Open data implementation;;;;;;;;;;;
P22;"Do data publication plans exist at public body level?

For Explanation:
* If yes, please provide the URL and briefly highlight the key aspects covered. ";yes;One of the main tasks of the public body open data coordinators is to prepare an open data publication list (plan) with selected datasets with identified risks and benefits along with a time framework for publication. You can see more about the process and roles within the institution open data management in our Czech national guidelines on the National Open Data Portal – See https://opendata.gov.cz/standardy:vytvoreni-publikacniho-planu. ;Confirm;;;;;;;;
P23;"Are there processes to ensure that the open data policies/strategy previously mentioned are implemented (e.g. monitoring)?

For Explanation:
* If yes, please specify the process(es).";yes;At the level of public bodies, there are monitoring activities of the National Open Data Team, especially through the Working Group and the data quality and data accessibility measurements at the Portal (see the respective Annual Reports of the State of Open Data here: https://data.gov.cz/výroční-zprávy/). At the level of the overall implementation of the Information Conception (and Digital Czechia programme), there are Implementation Reports published to monitor the fulfillment of objectives (see: https://www.mvcr.cz/webpm/clanek/rada-vlady-pro-informacni-spolecnost.aspx?q=Y2hudW09Ng%3d%3d) . ;Confirm;;;;;;;;
P24;"Do you update your policy/strategy as appropriate to ensure its success, such as based on data collected for monitoring?

For explanation:
* If yes, please describe the process and any recent updates made to strategy/policy";new question;new question;Change;Yes;Following previous monitoring and financing options, the Government Council for Information Society's priority plan, which also includes open data, is updated annually. Due to some unfulfilled obligations from the authorities from 2023, part of them was carried over to 2024. At the same time, due to the identification of a missing specific data strategy, the Digital and Information Agency issued in 2024 the Strategy of Data Management for Public Sector, which also contains principles regarding open data and is accompanied by an implementation plan to be updated every two years (currently valid for the period 2024-2025). The fulfillment of this strategy has also become part of the Government Council's priorities for the information society, so that there is no duplication of duties for the authorities.;;;;;;
P25;"Are there any processes in place to assess if public sector bodies are charging for data above marginal cost? (please see directive (EU) 2019/1024 on open data and the reuse of public sector information).

For Explanation:
* If yes, please specify the process(es).";yes;In the case that public authorities charge unjustified fees for data that users believe should be publicly available, these requirements can be reviewed by a court that assesses the legitimacy of both parties' requests. However, by the Act No. 106/1999 Coll., all open data is published free of charge.;Confirm;;;;;;;;
P26-a;"What are the top 3 challenges that your country is facing in the implementation of the mentioned open data policies/strategy?

For Explanation:
* Please briefly describe.";N/A;"1. Missing strong political leadership both at the level of the government and at the level of individual public officies.
2. Insuffucient overview of what data public bodies collect to carry out respective agendas and their inadequate description.
3. Lack of personal and financial capacities at the level of the National Open Data Team and at the level of public bodies.";Change;N/A;"
1. Lack of motivation of public bodies to open data.
2. Lack of personal and financial capacities at the level of the National Open Data Team and at the level of the public bodies.
3. Insufficient overview of what data public bodies collect to carry out respectives agendas and their inadequate description.";;;;;;
P26-b;"Are there activities in place to address these challenges in your country (e.g. with specific national/regional/local plans or initiatives)?

For Explanation:
* If yes, please briefly describe the measures that you have adopted or plan to adopt to address these challenges. 
* If no, please specifiy what is hampering finding a strategic approach to solve these challenges.";yes;"1. The Government appointed in december 2021 prepared a digital transformation plan that aims to unify digitization leadership of the Czech Republic and improve the fulfillment of the objectives of the Information Conception, data agenda included (see https://www.hlidacstatu.cz/data/Detail/veklep/ALBSCF9EW8D).
2. The National Open Data Team in the cooperation with the Department of Chief Architect at the Digital and Information Agency prepared the specific methodology for defining the data in respective agendas of public bodies based on semantic vocabularies and semantic modeling. From September 2022 a several trainings for public authorities took place (https://data.gov.cz/vzdělávání/prezenční/#modelování-významu-dat-ve-veřejné-správě).
3. One of the expected results of the digital transformation (see activity 1) is an increase in personal capacities. Regarding finantial capacities, the National Recovery and Resilience Plan which is currently in the implementation process, provides the new action plan with particular investments and reforms related to the open data. Moreover, one of the goals of the new Digital and Information Agency is to provide more capacities for several digitization activities across public authorities.";Complement;;"1. As part of activities linked to the Open Data Working Group, the National Open Data Team opens a discussion on the need to open and reuse data with central and local bodies.
2. In 2023, the Digital and Information Agency was founded and within it the Data Unit, which was strengthened in terms of personnel. Furthermore, in connection with the approval of the strategy, talks are ongoing with the Ministry of Finance regarding the increase of capacities at public bodies.
3. The National Open Data Team organizes webinars and other learning activities aimed at defining the data in respective agendas of public bodies based on semantic vocabularies and semantic modeling.";;;;;;
P27;"Are there any activities in place to assist data holders with publishing their data as open data (i.e. to help them with the data opening process)?

For Explanation:
* If yes, please describe/provide examples of these activities.";new question;new question;Change;Yes;National Open Data Team from the Digital and Information Agency is a leader of the Open Data Working Group where representatives of publishers from central and regional level participates. One of the activities of the Group is the assistance from the DIA and other public bodies in data publishing. Moreover, the Team also organizes conferences for sharing good practice, training with certificates, webinars (e.g. HVD, dynamic data) and provides personal technical and legal consultations. It also publishes e-learnings and tutorials on the Open Data Portal. For the list of activities conducted in 2022 see the Annual Report of the State of Open Data https://data.gov.cz/p%C5%99%C3%ADlohy/v%C3%BDro%C4%8Dn%C3%AD-zpr%C3%A1vy/V%C3%BDro%C4%8Dn%C3%AD%20zpr%C3%A1va%20o%20stavu%20otev%C5%99en%C3%BDch%20dat%20v%20%C4%8Cesk%C3%A9%20republice%20za%20rok%202022.pdf. The Annual Report for 2023 will be available in summer 2024. ;;;;;;
P28;"Is there a professional development or training plan for civil servants working with data in your country? 

For Explanation:
* If yes, please briefly describe these training activities.";yes;All members of the Open Data Working Group are supposed to participate in the educational activities of the National Open Data Team. Their participation is regularly (every three months) monitored by the Team and reported in the Annual Reports on the State of Open Data published online (https://data.gov.cz/výroční-zprávy/).  ;Complement;;Civil service employees in IT-focused positions (data included) must pass an exam focused on ICT and egovernment. The exam includes areas focused on data, data management and open data as such. In addition, all members of the Open Data Working Group are supposed to participate in the educational activities of the National Open Data Team. Their participation is regularly (every three months) monitored by the Team and reported in the Annual Reports on the State of Open Data published online (https://data.gov.cz/výroční-zprávy/).;;;;;;
P29;"Are there annually held national, regional or local events (e.g. hackathons, courses, conferences, users meet-ups, summer/winter schools) to promote open data and open data literacy in your country beyond the target group of public servants? 
 
For Explanation:
* If yes, please provide examples (e.g. title, date, location of the event and URL).";yes, >9;For the complete list see the Annual Report on the State of Open Data, chapter 6.2.3. here https://data.gov.cz/přílohy/výroční-zprávy/Výroční%20zpráva%20o%20stavu%20otevřených%20dat%20v%20České%20republice%202021.pdf. The Annual Report for the year 2022 will be available in June 2023.;Complement;;For the complete list of the mentioned events see the Annual Report in the State of Open Data on p. 41-44: https://data.gov.cz/p%C5%99%C3%ADlohy/v%C3%BDro%C4%8Dn%C3%AD-zpr%C3%A1vy/V%C3%BDro%C4%8Dn%C3%AD%20zpr%C3%A1va%20o%20stavu%20otev%C5%99en%C3%BDch%20dat%20v%20%C4%8Cesk%C3%A9%20republice%20za%20rok%202022.pdf. The Annual Report for the year 2023 will be available in summer 2024.;;;;;;
