ID;Answer from 2024;Explanation from 2024;Confirm, change or complement answer/explanation from 2024;Provide updated answer (if applicable);Provide updated explanation (if applicable)
D1.1;;;;;
P1;yes;"Yes, there is an open data law at federal level. In July 2017, Section 12a of the E-Government Act (EGovG) entered into force (First Open Data Act), which for the first time created a legal basis for the mandatory provision of open administrative data by federal authorities. The Second Open Data Act, which entered into force in July 2021, further adapted the content of the existing obligations under Section 12a of the EGovG and extended them to the entire federal administration.

The Data Use Act (DNG) which also entered into force on 23 July 2021 aims to modernise and replace the Information Re-Use Act (IWG). In order to improve the usability of data, open data will need to be used in machine-readable formats. In addition, the DNG stimulates open data initiatives beyond the boundaries of the federal administration and establishes the principle of ‘open by default’ also for the use of data by the Länder, municipalities and public undertakings in the areas of water, transport and energy supply. The DNG also transposes EU Directive 2019/1024 (Open Data and Public Sector Information-Directive), which was recast in 2019.

Link sources:
(Second) Open Data Act: http://www.gesetze-im-internet.de/egovg/__12a.html
Data Use Act (DNG): http://www.gesetze-im-internet.de/dng/index.html";Confirm;;
P2;yes;"Link sources:
https://www.bmi.bund.de/SharedDocs/downloads/DE/publikationen/themen/moderne-verwaltung/open-data-strategie-der-bundesregierung.html

The Federal Government’s Open Data Strategy, adopted on 6 July 2021, provides a framework for action to improve the Federal Open Data Ecosystem. The Federal Government’s data strategy forms the overarching data policy framework for the Open Data Strategy. Over a period of five years, the Open Data Strategy covers three areas of action, with a total of 68 implementation measures taken by different federal ministries and authorities. The three strands of action include improving the provision of data and developing data infrastructures, increasing innovative, public-interest and responsible use of data, and promoting data literacy and a data culture to increase the quality and usability of data provided. The implementation of the Open Data Strategy is accompanied by continuous monitoring.";Confirm;;
P3;Yes;"Policies at regional level (examples):
Berlin (state)
Open Data is embedded in §13 E Government Law of Berlin (https://gesetze.berlin.de/perma?j=EGovG_BE_!_13);
In addition to the aforementioned Open Data law, an ordinance with detailed specifications was published: https://www.berlin.de/moderne-verwaltung/e-government/open-data/rvo.pdf?ts=1673410120;

Hanseatic City Hamburg (HH, state)
Transparency Act since 2012: https://transparenz.hamburg.de/gesetzestext-des-hmbtg-796514/

North Rhine-Westphalia (NRW, state)
Open Data Regulation (providing governmental data, §16a EGovG NRW): https://recht.nrw.de/lmi/owa/br_bes_detail?sg=0&menu=0&bes_id=34925&anw_nr=2&aufgehoben=N&det_id=552085
Open Data-Verordnung (an ordinance prescribing how data should be published): https://recht.nrw.de/lmi/owa/br_vbl_detail_text?anw_nr=6&vd_id=20121&ver=8&val=20121&sg=0&menu=0&vd_back=N 

Schleswig-Holstein (state)
Open Data Act (Offene-Daten-Gesetz, ODaG): https://www.gesetze-rechtsprechung.sh.juris.de/bssh/document/jlr-OpenDataGSHrahmen


Strategies at regional level (examples):
Berlin (state)
Berlin has published its Open Data strategy in 2023, which was developed in a wide participation form with the stakeholders from the economy, administration, science and civil community.
Download-Link: https://www.berlin.de/moderne-verwaltung/e-government/open-data/strategieprozess/artikel.1257333.php (at the bottom of the webpage)

North Rhine-Westphalia (NRW, state)
Open.NRW-Strategy: Part 1: https://open.nrw/system/files/media/document/file/opennrwt1web.pdf / Part 2: https://open.nrw/system/files/media/document/file/opennrwt2web.pdf

Rhineland-Palatinate (Rheinland-Pfalz, state)
As part of an open data policy see: https://www.landesrecht.rlp.de/bsrp/document/jlr-TranspGRPrahmen;
The law regulates that the information defined in a definite list in § 7 para. 1 and 2 LTranspG must be published proactively by the bodies subject to transparency obligations.

at local level:
A reference can be made also to the city of Braunschweig:
https://www.braunschweig.de/digitalisierung-online-services/open-data.php#:~:text=The%20city%20of%20Braunschweig%20has%20measured%20values%20from%20sensors%20";Confirm;;
P4;Yes;"The Open Data Act obliges the Federal Government to report regularly to the German Parliament (Bundestag) every two years on the progress made in implementing open data (Section 12a (11) of the EGovG), see: http://www.gesetze-im-internet.de/egovg/__12a.html.
A new progress report is currently under preparation and will be published in 2024.

The Open Data Strategy provides for various implementation measures, such as initiatives, projects and digital solutions. Parallel to this, a monitoring process has started in 2022 to document the implementation of individual measures, including through milestones and regular status reports.
https://www.bva.bund.de/DE/Services/Behoerden/Beratung/Beratungszentrum/OpenData/Monitoring/monitoring_node.html;jsessionid=65E5C4C2408071FC3ABAB79141BF2AED.intranet251";Confirm;;
P5;yes;"Under Section 12a EGovG, all types of administrative data that do not relate to persons are covered by the obligation to provide open data by the federal administration (e.g. spatial data, statistics, static or dynamic data).

The Open Data Strategy of the government includes 68 measures among the dimensions data provision and infrastructures, data usage and data competences, building a  competitive and sustainable open data infrastructures and support ecosystem to enable the publication and access to real-time and dynamic data. (See the complete summary of measures as attachment).
https://www.bmi.bund.de/SharedDocs/downloads/DE/publikationen/themen/moderne-verwaltung/open-data-strategie-der-bundesregierung.pdf?__blob=publicationFile&v=5 (from page 19 onwards)";Confirm;;
P6;No;"The Open Data Strategy contains at least some measures that involve civil society actors in the debate.
https://www.bmi.bund.de/SharedDocs/downloads/DE/publikationen/themen/moderne-verwaltung/open-data-strategie-der-bundesregierung.pdf?__blob=publicationFile&v=5

Individual measures as an example:
- Make digital city oriented towards the common good through community data skills (BMSWB) (page 28)
""We support research projects aimed at identifying and increasing data literacy in local government. The aim is, among other things, to collect which strategies and infrastructures steer local data management and to what extent qualification measures are being implemented for administrative staff. It will also explore the provision of data to citizens and civil society actors.""
- Annual Round Table Open Data (BMI) (page 27)
""We promote the intensification and perpetuation of exchanges between the Federal Government and the Länder, involving representatives of civil society from relevant stakeholder groups.""";Confirm;;
P7;yes;With the legal obligation to place the metadata in the national metadata portal GovData (see § 12a(5) EGovG), these data are automatically made available or visible there due to the GovData interface with the European Data Portal.;Confirm;;
P8;yes;"The re-use of Data is especially supported by increasing the quality of data, which eases its re-use.

Furthermore, the Federal German government funds the re-use of Open Data by the C opernicus Project amount of total funding to be handed in in later progress.

The data strategy and also the open data strategy of the government outline that the state should become the frontrunner / leader in the field of data usage and provision. This includes increasing the provision of open data; data literacy and using the data for policy making (data driven government). The potential of data is increasingly being used for more efficient and citizen-friendly service. On top the implementation and evaluation of political measures through the use of open data will be 
improved. See the statements of the government in the data strategy here: https://www.bundesregierung.de/resource/blob/975226/1693626/60b196d5861f71cdefb9e254f5382a62/2019-11-18-pdf-datenstrategie-data.pdf?download=1";Confirm;;
P9;Yes;"There is a pan-European initiative of creating a cloud for data sharing between the public sector and the private sector. The national Open Data Portal (GovData) is included in that initiative bringing together open data and ""closed"" data: https://www.bmwk.de/Redaktion/DE/Dossier/gaia-x.html

In this context, a funding competition was launched in 2021 (duration until 12/2024) to submit ideas for applications, see: https://www.bmwk.de/Redaktion/DE/Dossier/Dateninfrastruktur-GAIA-X/gaia-x-foerderwettbewerb.html

Furthermore, the Federal Goverment's open data strategy specifies incentivising the usage of government data by the private sector (but no specific measures).";Confirm;;
P10-a;Yes;"There is currently no obligation on federal level to create a data catalogue on a legal basis or on the basis of the various strategies in the field of data/open data.

In fact, such an obligation is currently being considered for a planned transparency law (on federal level). However, the discussion process itself has not yet started and therefore no decisions have been made yet.

In addition, there are datasets that require at least certain requirements (examples at federal level):
- Verwaltungsdateninformationsplattform (VIP); published by the Federal statistical office: https://www.verwaltungsdaten-informationsplattform.de/DE/Home/home_node.html
- Datenatlas (this includes an inventory analysis of all the administration’s data), see:
https://www.bundesregierung.de/resource/blob/992814/1845634/0bab2b7d06c82f45361620f0c22891a2/datenstrategie-der-bundesregierung-download-bpa-data.pdf?download=1 (page 50 and 88)

Due to consitutional restrictions in Germany owing to Germany's Federal structure (Bund on the national level and the 16 states/Länder), the national government CANNOT directly mandate the federal states (Länder) or communes/cities and their respective public bodies to maintain a data inventory.";Confirm;;
P10-b;Yes;"As noted above, there is no legal obligation to create data catalogues. Nevertheless, for example, the Administrative Data Information Platform (VIP, see above) specifies the identification (but not the publication) of all metadata from registers which, by their nature, do not contain open data as personal data.
The German Open Data Act (§12a EGovG) currently determines which data may not be published as Open Data. These data include, for example, personal data at an individual level, research data and data that may jeopardise the national security of Germany.

In addition, the second Open Data Act (in force since 07/2021) contains a specific regulation for research data that must be published in certain cases.";Confirm;;
P11;Yes;"FAQs are provided on the national metadata portal GovData for the implementation of the high-value datasets.
Link: https://www.govdata.de/web/guest/hochwertige-datensaetze

There is also a guideline and a process diagram in preparation.";Confirm;;
P12;Yes;Some data sets are already marked as a high-value dataset, for example in the geodata area.;Confirm;;
D1.2;;;;;
P13;Yes;"The Competence Centre Open Data (CCOD) organises an annual round table to find topics for future specialist forums with various stakeholders who provide open data. As a result, the CCOD organises regular expert forums on different topics in the field of Open Data with different stakeholders.
Example (expert forum for high-value-datasets): https://www.bva.bund.de/SharedDocs/Kurzmeldungen/DE/Behoerden/Beratung/OpenData/Aktuelles/2024/FF_HVD.html";Confirm;;
P14;hybrid;Hybrid, because of the federal structures in Germany. This model is used to incorporate all federal levels and ensure an alignment of projects and initiatives at local and regional level. ;Confirm;;
P15;No;Due to the federal structure of Germany, the possibilities of support at regional and local level are very limited.;Confirm;;
P16;the majority of public bodies;"Due to the regulations all authorities at the federal state level are obligated to provide open data.
see § 12a sec.1 EGovG, https://www.gesetze-im-internet.de/egovg/__12a.html

Some of the states (Länder) have also implemented different open data policies, that oblige their public bodies to provide open data.
e.g. NRW, https://recht.nrw.de/lmi/owa/br_bes_detail?sg=0&menu=0&bes_id=34925&anw_nr=2&aufgehoben=N&det_id=552085

Moreover a lot of minucipalities and cities provide open (government) data.
- City of Berlin, https://daten.berlin.de/
- City of Munich: https://opendata.muenchen.de/
- City of Bonn, https://opendata.bonn.de/";Confirm;;
P17;yes;"Not summarised in a single document, but described in different documents:

GovData (nitional Open Data Portal):
The role of the national open data portal (GovData) is described under section 7 in the following published document: https://www.govdata.de/documents/10156/18448/Verwaltungsvereinbarung_GovData_finale+Fassung.pdf/a12e7cfb-91fc-4570-9a07-ed420e524c93

Open Data Coordination
- a good overview of Open Data Coordination and related tasks and roles can be found in a CCOD guidance document:
https://www.bva.bund.de/DE/Services/Behoerden/Beratung/Beratungszentrum/OpenData/ODK_Leitfaden/1_OpenData_Einfuehrung/einfuehrung_node.html

Competence center of Open Data (CCOD):
The role of the CCOD is described in the introductory text, see: https://www.bva.bund.de/DE/Services/Behoerden/Beratung/Beratungszentrum/OpenData/Beratung/beratung_node.html 
(see contact persons)";Confirm;;
P18;Yes;Yes - not regularly by calendar, but minimum two times a year and on ad hoc basis via the Workgroup GovData.;Confirm;;
P19;Yes;"Yes:
- The 2nd Open Data Act (in force since July 2021) requires in section 12a(9) EGovG federal authorities to establish ‘open data coordinators’. The role is mandatory
- As part of the data strategy adopted in early 2021, Chief Data Scientists are currently being established in all federal ministries. These are supported by the establishment of data laboratories in ministries or subordinate authorities. Both roles/institutions are also mandatory for the federal level.";Confirm;;
P20;yes;"Yes, there are existing different formats for regular exchange:
- A core task of the competence Center Open Data (CCOD) - as part of the national open data team in the broader sense - is to promote regular exchange between all open data stakeholders (minimum three times a year).
- There is also be regular exchange among the open data coordinators (federal level)";Confirm;;
P21;yes;"Yes, in case of the federal research institutes under the responsibility of the Federal Ministry of Food and Agriculture, they have the internal (within the public body) exchange between the unit responsible for data management service and the scientists in our research institutes. Furthermore, they organize regular exchange between the public body (federal research institutes and the administrative authority) from our area of responsibility and the highest authority (federal ministry). For this purpose, they have established the Think Tank Digitalization with working groups on data management, Open Data and AI. There are also other opportunities for exchange.

There is also an exchange of knowledge and experience at federal level with the National Research Data Infrastructure Germany (NFDI).

At federal level the Competence Center of Open Data (CCOD) conducts so called 'Fachforen' (expert forums), where experts from different user groups (e.g. data journalists, ngo's) are invited to share their experiences, point of views and demands with civil servants from all federal levels, e.g. on metadata quality or data structure

Some examples at regional level:
Berlin (state):
Berlin Open Data Day is the networking conference between the public bodies and the stakeholders from academia, citizens and businesses, where we have speeches from the mayor and best practice presentations for open data projects: https://projektzukunft.berlin.de/news/news-detail/rueckblick-berlin-open-data-day-2019  we do also have the ""Open Data Lunch"", where we give the saleholders from academia, citizens and business the opportunity to exchange with the public bodies:  https://www.berlin.de/moderne-verwaltung/e-government/open-data/veranstaltungen/artikel.1257989.php#berlin 

Lower Saxony:
Only at project level: In the context of our project ""Bürgerinformationsportal Umwelt / UmweltNAVI Niedersachsen."" the Ministry of Environment of Lower Saxony cooperates e.g. with observations.org.";Confirm;;
D1.3;;;;;
P22;Yes;"BMEL:
From 2023: Yes, all of the federal research institutes under the responsibility of the Federal Ministry of Food and Agriculture have established Data Policies for this purpose. See for example: https://www.thuenen.de/en/data-policy

BMJ:
Yes, the BMJ plans to expand the publication of data in the future:
- Once completed, the new Federal Legal Information Portal (""Rechtsinformationsportal des Bundes"") will make court decisions, laws, ordinances and administrative provisions of the Federal Government available as open data.
(https://www.bmj.de/DE/themen/digitales/digitaler_staat/rechtsinformationsportal/rechtsinformationsportal_node.html)
- In the future, federal laws and ordinances will also be promulgated in a machine-readable data standard on the Promulgation Platform (""Verkündungsplattform"").

Schleswig-Holstein:
- A funding guideline was issued to implement automatic and continuous delivery from municipal data sources to the open data portal. (Amtsblatt für Schleswig-Holstein, volume 21, 2024-05-21, page 825)
- The Schleswig-Holstein State Data Strategy contains a chapter on the publication of open data.  https://transparenz.schleswig-holstein.de/dataset/landesdatenstrategie 
- As part of the 4th German national action plan OGP open government data will be published as linked open data. https://www.open-government-deutschland.de/opengov-de/vierter-nationaler-aktionsplan-verabschiedet-2216298

Bavaria: 
- The new open data portal ""open.bydata"" was launched in 2023, the special feature ""open data presences"" allows data providers (e.g. cities) to have an individualized and free of charge ""mini portal"", like Augsburg.bydata.de 
- The new ""open bydata competence center"" has an extensive service portfolio with consulting and material for open data providers (https://oc.bydata.de)

Hamburg: 
Transparenzportal: https://transparenz.hamburg.de/
UrbanDataPlattform: https://www.urbandataplatform.hamburg/ 

Berlin (state):
""Kerndatensätze"" (Core datasets) should be published from the public body level. This is an action in our Open Data Strategy, and we do have workshops with the Open Data Coordinators, where we work a plan for publishing the data considered as high-value data set. ""Data Inventory"": We have implemented the measure to carry out data inventories in our open data strategy, so that every administration must carry out a data inventory with the aim of discovering and publishing Open Data relevant data

North Rhine-Westphalia: According to the regional E-Government Act  (E-Government-Gesetz NRW) all state authorities shall publish their data as open data via the regional open data-portal open.nrw. Local authorities can also provide this data. Moreover the regional open data regulation (Open Data Verordnung NRW) specifies how to provide the data. 
For geo-spatial data, in accordance to the EU INSPIRE regulation, a GEO portal.NRW was implemented: https://www.geoportal.nrw/?activetab=portal#

Baden-Württemberg: 
https://www.daten-bw.de/
The state government of Baden-Württemberg makes data of public interest centrally accessible online. Our goal is to make public administration data easier to find and use. We want to promo-te the use of open licenses and increase the availability of machine-readable raw data. This will ensure that data is made available in an innovative and responsible way in the future and can be combined and used by everyone. In the long term, the aim is to create an efficient, sustainable and interconnected data infrastructure for Baden-Württemberg.

Baden-Wurtemberg
The State Office for Geoinformation and Land Development (LGL) established the Open GeoData Portal https://opengeodata.lgl-bw.de on 6th June 2024. According to EU-Commission implementation regulation 2023/118 a list of specific high-value datasets and the arrangements for their publication and re-use have been determined. The public surveying sector of Baden-Württemberg identified geodata of cadastre, terrain, surface and landscape models, 3D building models, orthophotos (aerial photographs) and digital maps. These data are made available on the Open GeoData Portal according to PSI regulation. In addition, the presentation of geodata in the geodata viewer of the Geoportal Baden-Württemberg is permitted for commercial and non-commercial purposes. The terms of use of the geodata viewer: https://www.geoportal-bw.de/#/(sidenav:karten).";Confirm;;
P23;Yes;"Yes
- Every two years the Federal Government has to report the progress of open data implementation in Germany to the federal parliament (Bundestag). This includes a survey among the federal authorities on the state of implementation of open data.
- The open government national action plan comes with a tool to monitor the implementation of the plans obligations: https://www.open-government-deutschland.de/opengov-de/ogp/aktionsplaene-und-berichte/3-nap
- The data strategy of the Federal Government is monitored quarterly
- The open data strategy includes a regular monitoring process: https://www.bva.bund.de/DE/Services/Behoerden/Beratung/Beratungszentrum/OpenData/Monitoring/monitoring_node.html";Confirm;;
P24;No;With the regular Open Data Progress Report to the German Bundestag, proposals are also made for a possible further development of the legal and strategic framework conditions.;Change;Yes;"In 2024, an incorrect value was used in the ODM report.

With the regular Open Data Progress Report to the German Bundestag, proposals are also made for a possible further development of the legal and strategic framework conditions.

The recommendations in the regular progress report are used for regulatory developments, among other things. At the same time, it provides strategic impetus as to which development priorities could be set for open data in the future. This is also reflected in individual strategy documents (e.g. data strategy, open data strategy). Last but not least, the current open data strategy will also be subject to a separate evaluation (there is no established process for this yet)."
P25;yes;"In principle, the open data Act provides for the publication of data as ""open data"" for the hole federal administration, unless exceptions apply (e.g. personal data, security-related data). Cost considerations therefore do not play a decisive role in the provision.";Confirm;;
P26-a;N/A;"In no particular order:
- legal restrictions (e.g. data protection, copyright), that includes the interpretation of european and national laws
- lack of technical infrastructure
- lack of data governance

The following statements are also mentioned:
- Inventory the data infrastructures and data with all the corresponding challenges are handled (e.g. data protection) 
- lack of experts in the public service and insufficient financial resources
- making existing data bases with open data FAIR so that they can provide the data machine readable
- an overview of data holdings across Federal Government
- lack of competences with open data
From a regional perspective, these would be: 
- Lack of human resources
- lack of financial resources and
- lack of political prioritization ";Confirm;;
P26-b;yes;"In general: The appointment of Open Data coordinators in all federal ministries. The merging of separate Open Data-related laws into one transparency law (Bundestransparenzgesetz) in the current legislative period.

In the case of the Federal Ministry of Food and Agriculture:
For this purpose, we have established the Think Tank Digitalization with working groups on data management, Open Data and AI. There, we organize regular exchange between the public body (federal research institutes and the administrative authority) from our area of responsibility and the highest authority (federal ministry).

From Federal Ministry of Justice (BMJ) perspective:
- Exchange and networking within the Federal Government
- Establishment of a network on open data in the BMJ sector

The Competence Center of Open Data (CCOD) is adressing change management for open data, e.g. in guidelines for open-data-coordinations and in public presentations at conferences and federal agencies, e.g. https://www.zukunftskongress.info/de/node/4292

At regional level:
Berlin: The ""AG Open Data"" has 21 members, each public body is obliged to send an Open Data coordinator. At this link everyone can see the contact person, who is responsible for supervising Open Data at the public body: https://www.berlin.de/moderne-verwaltung/e-government/open-data/ansprechpersonen/artikel.1258477.php";Confirm;;
P27;Yes;There is an active knowledge management through manuals, guides and much more through the CCOD: https://www.bva.bund.de/DE/Services/Behoerden/Beratung/Beratungszentrum/OpenData/Vorlagen-Hilfsmittel/vorlagen-hilfsmittel_node.html;Confirm;;
P28;Yes;"Together with the Federal Academy for Public Administration (BAköV), the Competence Center Open Data (CCOD) is developing a so-called ""learning path"" for structured training. In addition, there is already active knowledge management through manuals, guides and much more through the CCOD: https://www.bva.bund.de/DE/Services/Behoerden/Beratung/Beratungszentrum/OpenData/Vorlagen-Hilfsmittel/vorlagen-hilfsmittel_node.html";Confirm;;
P29;Yes, >9;"BMEL:
Yes, beyond what was reported last year, the institutes under responsibility of the Federal Ministry of Food and Agriculture participate for example in the LoveDataWeek (https://rdm4bs.tu-braunschweig.de/index.php/love-data-weel-2024); another important example is the FairAgro Community Summit (https://fairagro.net/fairagro-community-summit/), this event connects the community of agricultural data across users from public sector, research, civil society, and business. 

Schleswig-Holstein:
- Open Data Day Flensburg, 2024-03-02, Flensburg, https://opendataday-flensburg.de
- Open Data Hackathon at Lübeck University, https://jil.sh/2024/03/open-data-hackathon-wintersemester-2023-24/ 

Open Data Day 2024: 2. March 2024 to 8. March 2024:
https://open.nrw/open-data-day-2024
- Hackday Niederrhein 2024: 2. and 3. March 2024, city of Moers:
https://www.codeforniederrhein.de/hackday-2024/

Bavaria:
- A bavarian Open Data Day in Munich (04 May 2024) with > 100 participants was held (https://veranstaltungen.muenchen.de/rit/veranstaltungen/open-data-day-muenchen-2024/)
- A new bavarian ""Open Data Roundtable"" was established to connect providers and users of data and move forward together (https://oc.bydata.de/using)

Hamburg: 
There are currently no events planned for this year in Hamburg.

Baden-Württemberg: no
Berlin:
-Berlin has the conference Berlin Open Data Day which takes place every year : we have political speeches from the mayor of Berlin and the CDO and we do have best practice case studies from adminstration, the economy stakeholders or the civic tech community. we do also have ""AG Open Data"" as a working group for the Data Managers and Open Data Officers to talk about the newest challenges of the open data legislation or the open data strategy topics. we do have digital open data lunches as an exchange between the civic tech community to show their projects to the administration that should adopt theses projects in their workflow. The crashcourse Open Data takes place every year to teach the newest methods of data management and data publishing and visualisation. You can find all activities online: https://www.berlin.de/moderne-verwaltung/e-government/open-data/veranstaltungen/veranstaltungen-1257989.php";Confirm;;
D2;;;;;
D2.1;;;;;
PT1;Yes;"daten.berlin.de; https://www.govdata.de/";Confirm;;
PT2;N/A;"Berlin: CKAN

GovData: In 2024, we completely rebuilt the structure of the portal. We switched to the CMS Typo3 for our editorial content and to Piveau (instead of CKAN) for data storage. Some of the portal's service functions were shifted to microservices.";Confirm;;
PT3;Yes;"Berlin: =HYPERLINK(""#""; ""https://berlinonline.github.io/open-data-handbuch/#schnittstellen"")

GovData: The metadata catalog published on GovData can be queried and processed automatically. A CKAN API is available for this purpose - and a Piveau API will be available after the switch to Piveau.";Confirm;;
PT4;Yes;"GovData: The metadata catalog published on GovData can not only be searched via the function on the website, but of course also can be queryed and processed by machine. For this purpose, a SPARQL endpoint (https://www.govdata.de/sparql) is available.

See also: https://www.govdata.de/web/guest/sparql-assistent";Confirm;;
PT5;Yes;"Berlin: =HYPERLINK(""#""; ""https://berlinonline.github.io/open-data-handbuch/#schnittstellen"")

GovData: A link is provided to the documentation on the CKAN API. After the switch to Piveau, the API will of course also be documented here. An example of the expected OpenAPI can be seen on the Open Data Portal of Bavaria: https://open.bydata.de/api/hub/search/";Confirm;;
PT6;Yes;GovData: We have a special page on GovData that links to the SPARQL documentation, lets you run any SPARQL query, but also provides a dozen sample queries: https://www.govdata.de/web/guest/sparql-assistent;Confirm;;
PT7;Yes;"GovData: The national data portal GovData does not offer a function for contributing your own datasets. Local data portals offer local communities the opportunity to integrate their data. This data is harvested in the national data portal.

Berlin offers an example. The “Open Data Handbook” of the Open Data Portal Berlin describes the provision and that local communities may contribute: https://berlinonline.github.io/open-data-handbuch/#wer-darf-im-datenportal-verffentlichen . Examples include the Allgemeiner Deutscher Fahrrad-Club, but also the Civic Tech and Open Data Community in the OK Labs of Code for Germany, Freifunk and Open Street Map.";Confirm;;
PT8;No;;Confirm;;
PT9;No;;Confirm;;
PT10;No;For a short explanation: a corresponding function w a s previously available, but it has now been discontinued due to low demand/use.;Confirm;;
PT11;No;;Confirm;;
PT12;No;;Confirm;;
PT13;No;"No, but we are discussing on having a ""data request button"" on the portal, though we still need to figure out the political and adminstrative processes behind it so that every request also gets to the respective public body. ";Confirm;;
PT14;No;;Confirm;;
PT15;No;After a certain amount of time (about a month), we ask the data provider if such a data set could be published.;Confirm;;
PT16;No;GovData: The Open Data Competence Center is planning to set up a public discussion forum in the second half of 2024. The national data portal will provide the entry point to this forum.;Change;Yes;"In 2024, an incorrect value was used in the ODM report.

GovData: The Open Data Competence Center is planning to set up a public discussion forum in the second half of 2024. The national data portal will provide the entry point to this forum."
PT17;Yes;"Berlin: =HYPERLINK(""#""; ""https://daten.berlin.de/anwendungen"")";Confirm;;
PT18;No;;Confirm;;
PT19;No;;Confirm;;
PT20;No;;Confirm;;
PT21;No;;Confirm;;
PT22;Yes;"Berlin:we have the metadatum HVD to select for data publishers, but this did not get used, because the HVDs are getting published from the GENESis Database and the Geoportal

GovData: We offer a special filter function in our simple search and in the advanced search. In the results lists, the high-value data set is displayed in a high-value way (with a gold border and gold category award). Further measures to highlight high-value data sets are planned for the end of the year.";Confirm;;
D2.2;;;;;
PT23;Yes;"Berlin: =HYPERLINK(""#""; ""https://odis-berlin.de/projekte/2024-01-daten-neuheiten ""); GovData still use Matomo to monitor portal's traffic but there are additional more statistics. We harvest more portal' statistic, find some here https://www.govdata.de/web/guest/suchen/-/searchresult/q/Zugriffsstatistik/s/lastmodification_desc";Confirm;;
PT24;No;GovData: No;Confirm;;
PT25;Yes;Berlin: surveys, an mapp inztelligence to track which data is downloaded the most;Confirm;;
PT26;Yes;GovData:: We are in constant communication with users of the portal. The wishes of the communities are sometimes specifically requested in workshops and are incorporated into the planned roadmap for the portal. The functionalities are adapted based on the analysis (via Matomo) of the use of the portal.;Confirm;;
PT27;Yes;Berlin: we do schooling on publishing at the open data portal and using the portal at open data crashcourse;Confirm;;
PT28;Yes;GovData: We use Matomo on an irregular basis to analyze the search terms on our portal. Incoming links from search engines are also analyzed for their search terms. This has enabled us to determine that there is an increased need for information to provide high-value datasets. However, a targeted analysis of searches for datasets will lead to misinterpretations. There are too many sub-data portals in Germany where users also search, but whose data we do not analyze.;Confirm;;
PT29;Yes;GovData: We use the analysis of the number of hits to scrutinize the structure of our pages. A data portal has many different user groups, so it is all the more difficult for everyone to find the right content quickly.;Confirm;;
PT30;Yes;Berlin: we want to implement Large Langugae Models;Confirm;;
PT31;Yes;GovData: yes. Every dataset is displayed on it's own page, sample: https://www.govdata.de/web/guest/suchen/-/details/zugriffsstatistik-daten-berlin-dec9fb3 The metadata is human readable und we provide a link to machine readable RDF file;Confirm;;
D2.3;;;;;
PT32;All public sector data providers;The data of all open data portals of the public sector is available in GovData. The data is provided via specialized or federal state portals. Where this is not possible, the regional portals will provide it directly.;Confirm;;
PT33;Yes, or all public sector data providers already publish data;GovData: yes;Confirm;;
PT34;Yes, or all public sector data providers already publish data;Berlin:with the open data informationsstelle berlin we assist them;Confirm;;
PT35;Yes;Berlin Geoportal Wasserportal, Energieatlas, Gewerbedatenatlas, Urbane Datenplattform PRISMA, digitale Plattform Stadtverkehr, there ar many portals in Berlin;Confirm;;
PT36;Yes;A list of all data providers can be accessed as a filter list at the following link, which also includes all regional portals: https://www.govdata.de/web/guest/daten;Confirm;;
PT37;The majority of datasets;"Short noted: A few, mostly regional data providers, enter their data at GovData manually 

Follow up: Thanks for the hint. We updated the column H";Confirm;;
PT38;Yes;Berlin:but a very few, not many;Confirm;;
PT39;Yes;"Berlin:citizen based data such as the Radverkehrsdaten from the project ""Berlin zählt Mobilität""

GovData: See answer to question PT7. We can no longer determine which data is official and which is non-official. There is also data that is a product of the combination of official data (cadastral data) and non-official data (OSM).

Example: https://www.govdata.de/web/guest/suchen/-/details/osm-strassen-koln-bonn and https://www.govdata.de/web/guest/suchen/-/details/spw2-alkisosmb7bb8";Confirm;;
PT40;Yes;"Berlin: yes, we have monitored the ""Cora datasets of Berlin ""berliner Kerndatensätze: https://odis-berlin.de/projekte/2023-02-kerndatens%C3%A4tze";Confirm;;
D2.4;;;;;
PT41;Yes;GovData: After the project launch, the GovData portal became a product of the IT Planungsrat. Funding has been secured via an administrative agreement with all 16 federal states and the federal government. FITKO was founded as a new authority to ensure the long-term operation of all products of the German IT Planungsrats https://www.it-planungsrat.de/fileadmin/beschluesse/2021/Beschluss2021-21_FITKO_Gruendungsbeschluss.pdf When it was founded in 2020, GovData was explicitly mentioned as a product that would be taken over. Legislation stipulates the delivery of data to GovData.;Confirm;;
PT42;No;Berlin:-Not any more, since Twitter became X;Confirm;;
PT43;Yes;"Berlin: =HYPERLINK(""#""; ""https://github.com/berlinonline "")";Confirm;;
PT44;No;;Confirm;;
PT45;No;;Confirm;;
D3;;;;;
D3.1;;;;;
Q1;yes;The metadata is subject to a harvesting process continuously, with control of the metadata and automatic scan for duplicates.;Confirm;;
Q2;70-89%;"Berlin: harvesting over the Geoportal

90-99%. We have an open data portal for almost every federal state in Germany. The large (but also smaller) cities operate their own open data portal. In addition, there are various thematic data portals, such as for traffic data and geodata. All these data portals are linked together in a large network or tree and harvest each other. At the end is GovData, which harvests almost all of the metadata from sub-portals. Only a small amount of data is entered directly into GovData by hand.";Confirm;;
Q3;Within one week;"GovData: On average, the metadata is updated after 2 days. If metadata is changed manually directly in the GovData portal, the changes are visible immediately. If a dataset is changed in the geoportal of a city, the city harvests its geoportal, the city may be harvested by the portal of the district, which in turn is harvested by the federal state, which is harvested by GovData. This chain can result in a delay of several days when updating the data.

Follow up: confirmation";Confirm;;
Q4;Yes;"GovData: Until recently, it was not possible to mark up data series in the metadata. Therefore, data series were created as differently as possible in the past. The local sub-portals all have their own strategy for dealing with this. With the introduction of DCAT-AP.de 3.0, an example of a correct data series is planned. Based on this, we could work towards harmonization.

Follow up: Yes the new DCAT-AP.de version make it possible to mark dataset series correctly and unique. Today we do not measure this aspect because there is no standardized way and 4+ ways used to mark dataseries.";Confirm;;
Q5;Yes;"Berlin: but it is not getting used as the data providers publish from other plattforms such as GENESIS Online, where there is an interface to the Govdata Portal, or they publish over the Geoportal Berlin, where there is an API to the Berlin Open Data Portal, but they do not have to indicate extra on the Berlin Portal, as it gets indicated at the Geoportal 
GovData: 
We are proud to have been the second state to correctly transfer the high-value datasets award to the European data portal. In order to do this successfully, we had to extend CKAN so that HVD data could be imported into a CKAN system and then exported. Our changes have been transferred to the official repo according to the open source rules. For the geodata, we had to adapt the converter of the geo-ISO data. A lengthy coordination process with and within the geo-community was necessary beforehand. Please also refer to the answer to question PT22.";Confirm;;
Q6;No;"GovData: In some cases, the specialist communities themselves ensure that the individual data records are compatible. Two specialist areas are cited as examples. The geodata are collected in the federal states and, thanks to established structures, they can be harmonized and offered as a common dataset for the whole of Germany. The INSPIRE specifications mean that the datasets are comparable throughout Europe. The weather data is not only compatible within Europe but is also internationally interoperable thanks to its standardization.

Follow up: The correct answer is still 'no'. INSPIRE and weather data are older than HVD. So we have interoperable datasets but we do no special activities for HVD datasets that there are interoperable with other countries";Confirm;;
D3.2;;;;;
Q7;yes;"Broken links, monitoring of import errors, validation is being transformed according to DCAT-AP.de (https://www.itb.ec.europa.eu/shacl/dcat-ap.de/upload )
We provide a Dashboard, which provides information about the published data. While a trial period the Dashboard is only reachable for registered users.
Please contact us to join via mail at info@govdata.de.";Confirm;;
Q8;Yes;"GovData: We provide a dashboard that provides information about the published data. During a test phase, the dashboard is only accessible to registered users. The underlying data, however, can be accessed openly via our SPAQL interface.

Follow up: https://govdata.de/metadatenqualitaet/qualitaetsmerkmale This URL will be available later this month. We remove the 'accessible to registered user'";Confirm;;
Q9;Yes;"Berlin: =HYPERLINK(""#""; ""https://odis-berlin.de/file-download/Vorlage_Metadaten.xlsx "")

GovData: We offer information on this on our information page on the provision of data on GovData https://www.govdata.de/web/guest/datenbereitstellungaufgovdata. There we refer to the self-service tool for testing DCAT-AP.de-compatible metadata. When we connect new data providers to GovData, their endpoint is extensively tested and they receive a written analysis of their metadata quality. In the course of the release of DCAT-AP.de 3.0, we will provide various examples of high-quality metadata.";Confirm;;
Q10;Yes;"Berlin: the Musterdatenkatalog of the Bertelsmann Stiftung

GovData: All data suppliers must provide their metadata in at least DCAT-AP.de 2.0 format. The standard itself contains specifications on the use of licenses, among other things. The conventions manual https://www.dcat-ap.de/def/dcatde/2.0/implRules/ contains 41 conventions that apply to the delivery to GovData.";Confirm;;
Q11;Yes;"in the Open Data Verordnung we recommed mostly open licenses such as CC 0, or at least CC By 4.0

Follow up:
License Guideline on GovData: https://www.govdata.de/web/guest/datenbereitsteller
License guide in DCAT-AP.de: https://www.dcat-ap.de/def/licenses/
The Open Data Verordnung Berlin https://www.berlin.de/sen/wirtschaft/digitalisierung/open-data/verordnung/";Confirm;;
Q12;51-70%;"GovData: >90%

Follow up: 90+% is correct";Change;>90%;In 2024, an incorrect value was used in the ODM report.
Q13;1-4;"GovData: 5-10

Follow up: 5-10 is correct";Change;5-10;In 2024, an incorrect value was used in the ODM report.
Q14;No;;Confirm;;
D3.3;;;;;
Q15;Yes;We only harvest datasources in DCAT-AP.de 2.0 or better. If not possible (INSPIRE metadata) we provide and develop own CKAN converter extension. We developed DCAT-AP.de years ago to follow the European DCAT-AP with some Germany extensions;Confirm;;
Q16;51-70%;Follow up: Thanks for the hint. As described in Q15 we follow the DCAT-AP compliance. There is no decrease. We corrected the answers;Change;>90%;In 2024, an incorrect value was used in the ODM report.
Q17;51-70%;Follow up: Thanks for the hint. As described in Q15 we follow the DCAT-AP compliance. There is no decrease. We corrected the answers;Change;>90%;In 2024, an incorrect value was used in the ODM report.
Q18;31-50%;Follow up: Thanks for the hint. As described in Q15 we follow the DCAT-AP compliance. There is no decrease. We corrected the answers;Change;71-90%;In 2024, an incorrect value was used in the ODM report.
Q19;Yes;Follow up: Thanks for the hint. We still have a national extension. We will release the new DCAT-AP.de 3.0 in December 2024;Confirm;;
Q20;No;GovData: No. The investigation and improvement of metadata quality is on our to-do list.;Confirm;;
Q21;31-50%;GovData: '31-50%;Confirm;;
Q22;51-70%;"GovData: '>90%

Follow up: Thanks for the hint. We corrected the answer to 90+%";Change;>90%;In 2024, an incorrect value was used in the ODM report.
D3.4;;;;;
Q23;Yes;Berlin: for finance data and for the organigramm tool;Confirm;;
Q24;Yes;Berlin: Barcamp Linked Open Data;Confirm;;
Q25;>90%;N/A;Confirm;;
Q26;>90%;N/A;Confirm;;
Q27;71-90%;N/A;Confirm;;
Q28;51-70%;N/A;Confirm;;
Q29;31-50%;N/A;Confirm;;
D4;;;;;
D4.1;;;;;
I1;yes;"Although there is no single definition, § 12a (6) EGovG regulates the re-use of open data as follows:

""The retrieval of data pursuant to the first sentence of (1) [(= § 12a (1) contains the obligation for publishing open data by federal authorities)] shall be made possible free of charge and for the unrestricted re-use of the data by any person. Retrieval of data pursuant to the first sentence of (1) should be possible at any time, without mandatory registration and without justification.""

Furthermore the open data strategy defines as follows:
""When is open government data for the purposes of this [open data]strategy?
- Authorities have collected the data themselves or have them collected by third parties;
- freely accessible on public networks,
- machine-readable,
- non-personal
- freely usable,
- No safety-related information.""";Confirm;;
I2;Yes;"Berlin: Yes, there are various methods for estimating the re-use of open data. They include the collection, tracking and publication of use cases and other monitoring mechanisms, such as:

- National level: Examples for data usage are collected via open government networking and made public as articles as well as on the CCOD website: https://www.bva.bund.de/DE/Services/Behoerden/Beratung/Beratungszentrum/OpenData/Use_Cases/use_cases_node.html
- The usage of CODE-DE is extensively measured and regularly evaluated.
- Regular INSPIRE-Monitoring by GDI-DE, Germany's geodata infrastructure.
- The showroom of GovData also shows some application examples: https://www.govdata.de/web/guest/showroom 

- Regional/local:
- Berlin (State): we do publish the applications that are generated by Open Data of Berlin on our Open Data Portal: https://daten.berlin.de/anwendungen
- In the state of NRW, data owners/providers and IT-Service Providers monitor downloads and Service-Use as internal data.

Hamburg:
-The governmental impact is hereby defined as the beneficial effect of the use of open data on three specific challenges faced by the government/public administrations: 1) Being efficient and effective in delivering public services; 2) Being transparent and accountable in their actions; 3) Improving their capacity to make decisions and policies.";Confirm;;
I3;Yes;"Bavaria:
- Collection of use cases with open data at https://oc.bydata.de/using/usecases

North Rhine-Westphalia: Reuse cases are pulblished in a showroom (https://open.nrw/open-data/open-data-showroom.";Confirm;;
I4;No;;Confirm;;
I5;Yes;"Berlin: Yes, but there is no one-size-fits-all definition of the impact of open data in Germany (which would, due to the constitutional division between federal level and regional level hardly be applicable to Germany): most public bodies and institutions dealing with open data have delineated what the impact of open data (can) entail from their perspective.
- For instance, the overall impact of open data is described in the new Data Stategy of 2023 ""Progress through data use"", see here: https://bmdv.bund.de/SharedDocs/DE/Anlage/K/nationale-datenstrategie.pdf?__blob=publicationFile
- The Open data Strategy also contains a broad definition of the objectives and impacts of open data (page 5, 6), see URL: https://www.bundesregierung.de/resource/blob/992814/1940386/1d269a2ad1b6346fcf60663bdea9c9f8/2021-07-07-open-data-strategie-data.pdf?download=1";Confirm;;
I6;Yes;"Berlin: As impact is defined in different ways, there are different methodologies used on the national level:
- On the national level, the implementation and corresponding impact of the open data law is measured through an online questionnaire and writing of a bi-annual ""Fortschrittsbericht"" (Progress report). See the first one and also the results of the mearung here: https://dip21.bundestag.de/dip21/btd/19/141/1914140.pdf
*(the second report is currently being prepared for 2024).

Finally: in its coalition agreement from 2021, the Federal Government stipulated the establishment of an independent Data Institute in Germany. One task of this institution will be in future to develop further methods.";Confirm;;
I7;No;;Confirm;;
D4.2;;;;;
I8;Yes;N/A;Confirm;;
I8-a;Yes;"BMEL:
Dataportals within the responsibility of the Federal Ministry for Food and Agriculture, e.g. https://www.openagrar.de or https://atlas.thuenen.de count the access to datasets. However, there is no tracking of usage of the data. In some instances, for specific open data sets, users need to register: Example: The public use file of the BfR Total Diet Study ""MEAL"" is available on the BfR website. User access is registered through registration:
http://www.bfr-meal-studie.de/de/public-use-file.html

BMG:
We upload our data to the Zenodo platform und monitor the usage of the datasets we uploaded to the Zenodo platform

North Rhine Westphalia: a call-to-action on every dataset with an underliying form on the open data-portal open.nrw encourages to feedback data reuse (https://open.nrw/formular-anwendungsbeispiele)";Confirm;;
I8-b;Yes;"BMEL:
Already published but older than a year examples from FAIRagro consortium (a consortium in which many agencies under responsibility of the Federal Ministry for Food and Agriculture participate):
1 - Senft M, Stahl U, Svoboda N (2022) Research data management in agricultural sciences in Germany: We are not yet where we want to be. PLoS ONE 17(9): e0274677. https://doi.org/10.1371/journal.pone.0274677
2 - Senft, M., Stahl, U., & Svoboda, N. (2021). Dataset: survey about research data management in agricultural sciences in Germany [Data set]. OpenAgrar Repository. https://doi.org/10.5073/20211013-105447
Already published but older than a year examples from NFDI4Health:
Bericht zum 1. NFDI4Health User Survey : Status-quo-Erhebung 2021, https://doi.org/10.4126/FRL01-006461780

North Rhine-Westphalia: Regular monitoring on key figures such as views and downloads of datasets 

Berlin: Meinberlin.de Online Survey

Schleswig-Holstein:
During the evaluation of the open data legistation and the open data portal a survey for the users of the open data portal has been conducted. We are still waiting for the results.";Confirm;;
I8-c;Yes;"Berlin: Workshops such as the AG Open Data

Schleswig-Holstein:
We organised three ""data dialogues"", for researchers, for the eocnomy and for the civil society. In these workshops we collected needs and wishes from the three different groups.

Bavaria: 2 workshop on usage of open data by civil society and start-ups in Bavaria during Open Data Day Munich";Confirm;;
I8-d;Yes;"Berlin: stakeholder workshops of the open data strategy

BMG:
We use Github Issues to interact with the community and answer to questions and get feedback frpm our community";Confirm;;
I9;Yes;N/A;Confirm;;
I9-a;Yes;"Schleswig-Holstein: 
We have a lively digital barcamp scene. We try to offer  annual sessions on the topic of open data in all major cities. In these sessions, we collect needs and wishes.

BMG:
We hold regular workshops and seminars to further develop our products in line with demand.

Bavaria: Continuing moderated usability tests with users on the portal

BMDV:
Mobility Data Space and Mobilithek use feedback measures with portal users.";Confirm;;
I9-b;Yes;N/A;Confirm;;
I9-c;Yes;N/A;Confirm;;
I10;Yes;"Bavaria: Use Cases are collected with a possibility to report new ones at https://oc.bydata.de/using/usecases

Berlin: Prototyping of data with the ODIS

North Rhine-Westphalia: Reuse cases are published in a showroom (https://open.nrw/open-data/open-data-showroom)";Confirm;;
I11;Yes;"BMG:
As part of the NFDI4Health consortium systemetic ways of classifying reuse cases are currently developed";Confirm;;
D4.3;;;;;
D4.3a;;;;;
I12;Yes;"Berlin: the study ""Open data in der Berliner Verwaltung"": https://odis-berlin.de/file-download/01_Handout-OpenData-Kurzerklaert.pdf";Confirm;;
I13;Yes;"Berlin: the library dashboard shos the use of data to improve public services https://odis-berlin.de/projekte/2023-03-pankow-bibliotheksdaten 

BMEL:
Publshing data as FAIR open data reduces the effort of making data available for public authorities within the responsibility of the Federal Ministry for Food and Agriculture. For examples, interested parties can just download the data without formally requesting it. For example, the Federal Office of Consumer Protection and Food Safety, procides access to authorization data for plant protection agents/pesticides via an API https://www.bvl.bund.de/SharedDocs/Fachmeldungen/04_pflanzenschutzmittel/2024/2024_04_03_Fa_PSM_API.html). More examples specifically for research data are datasets published on OpenAgrar (https://www.openagrar.de/servlets/solr/select?q=%2Bcategory.top%3A%22mir_genres%3Aresearch_data%22+%2BobjectType%3Amods+%2Bcategory.top%3A%22state%3Apublished%22&mask=content/browse/genres.xml%23open%5B%5D&sort=mods.dateIssued+desc&fq=worldReadableComplete:true) or on https://atlas.thuenen.de/layers/";Confirm;;
I14;Yes;"Bavaria: Yes, e.g. the City of Augsburg published financial data on shareholding https://augsburg.bydata.de/?locale=de&page=3&limit=10

Berlin: the visualisation of the finance data of berlin: https://odis-berlin.de/projekte/2022-09-haushaltsdaten";Confirm;;
I15;I don't know;;Confirm;;
I16;Yes;"BMG:
open data is used as a basis for multiple dasboards for example: https://infektionsradar.gesund.bund.de/de";Confirm;;
D4.3b;;;;;
I17;No;"BMAS:
There is currently no study or data available that fits exactly the question. The answer must therefore be ‘no’.
=====
The social budget dataset offers an overview of the range of services and the financing of the social security system in Germany. The social budget dataset is linked as open data with www.govdata.de. The publication of the dataset increases transparency and accountability in Germany (https://www.bmas.de/DE/Service/Publikationen/Broschueren/a230-23-sozialbudget-2022.html).

The Federal Government is required to regularly present a Poverty and Wealth Report as an instrument to review political measures and to suggest new ones. Six reports have been published so far. All reports as well as their accompanying scientific research are published on the internet. 
ARB - Startseite (armuts-und-reichtumsbericht.de)
Within the framework of the Poverty and Wealth Report, indicators are published on the internet and made available as open data files.
ARB - Open Data (armuts-und-reichtumsbericht.de)

Fakten zur Rente (Facts on Pensions) is an information base. Its aim is to support the discussion on the future of old-age security. With facts and figures on old-age provision, a contribution is to be made to objectifying the debate. In doing so, both development lines and the current status of selected aspects of old-age provision are described, thus providing a basis for a better understanding of the topic of old-age provision.
BMAS - Klargestellt: Fakten zur Rente, Link: https://www.bmas.de/DE/Soziales/Rente-und-
Hamburg: -Hamburg: -The social impact is hereby defined as the beneficial effect of the use of open data on four specific challenges for society: 1) Including minorities, migrants, and/or refugees  and reducing inequality, 2) Alleviating housing issues, 3) Fostering health and wellbeing, 4) Improving education.

Altersvorsorge/Fakten-zur-Rente/fakten-zur-rente.html
In a separate section, the data used is presented in an open data format for the interested public.
BMAS - Daten zur Rente zum Download, Link: https://www.bmas.de/DE/Service/Statistiken-Open-Data/Daten-zur-Rente/daten-zur-rente.html

The Federal Ministry for Food and Agriculture provides several datasets e.g. on nutritional behaviour

examples at regional level:
Berlin (state): we have an ""Sozialinformationssystem"" which is an Open Data Portal on topics like social challenges
https://www.sozial-informations-system.de/home?lang=de

Hamburg: Hamburg: -The social impact is hereby defined as the beneficial effect of the use of open data on four specific challenges for society: 1) Including minorities, migrants, and/or refugees  and reducing inequality, 2) Alleviating housing issues, 3) Fostering health and wellbeing, 4) Improving education.";Change;Yes;In 2024, an incorrect value was used in the ODM report.
I18;I don't know;;Confirm;;
I19;I don't know;;Change;Yes;"In 2024, an incorrect value was used in the ODM report.

NRW.  (state): BORIS.NRW provides data on the development on property prices: https://www.boris.nrw.de/boris-nrw/?lang=de. Open Data provides the data basis for compiling the land values from different data sources and at the same time provides the basis for a search function.

The presentation of the ground benchmarks on the internet is based on a uniform data set in North Rhine-Westphalia. These data are updated annually and form the basis for the search in the tool. Add.: The land and real estate benchmark datasets from the real estate market information system can be used free of charge in accordance with the terms of use of BORIS-NRW."
I20;I don't know;;Change;Yes;"In 2024, an incorrect value was used in the ODM report.

The RKI (Robert-Koch-Institute) offers various data sets on indicators from the health sector (e.g. SARS2 incidences, vaccinations):
https://www.govdata.de/web/guest/daten/-/searchresult/f/groups%3Aheal%2Ctype%3Adataset%2Csourceportal%3A9b637d65-df77-42b5-bbad-d7400ffbff56%2C/s/relevance_desc
https://zenodo.org/communities/robertkochinstitut
https://github.com/robert-koch-institut

However, no specific applications, use cases or services can in fact be inferred from the examples given – at least none of them presumably aimed at the present question. /// Map on noise: https://www.umgebungslaerm-kartierung.nrw.de/; map on airpollution: https://www.ekl.nrw.de/ekat/ (emissions)

Health statistics, seperately provided by the Federal Statistical Office of Germany (Destatis), see: https://www-genesis.destatis.de/genesis/online?operation=themes&levelindex=0&levelid=1724858612321&code=23#abreadcrumb"
I21;Yes;"BMAS:
At https://www.arbeitsagentur.de/jobsuche/ of the Bundesagentur für Arbeit (Federal Employment Agency), people looking for an vocational training can find out information about vacant (vocational) training places.";Confirm;;
D4.3c;;;;;
I22;No;"Bavaria: Yes, e.g. the Start-Up ""Urbansens"" uses open data for analyzing heat and environmental problems in cities https://oc.bydata.de/using/usecases/urbansens

Hamburg: -The environmental impact is hereby defined as the beneficial effect of the use of open data on four specific challenges connected to the environment: 1) Protecting biodiversity (e.g. maintaining a good level of air and water quality), 2) Achieving more environmental-friendly cities (e.g. in terms of transport and waste management), 3) Fighting climate change and connected disasters, 4) Increasing the use of renewable sources of energy. 

Berlin: in the energy sector: https://odis-berlin.de/projekte/2023-03-energiecheckpoint";Change;Yes;In 2024, an incorrect value was used in the ODM report.
I23;Yes;"Bavaria: Yes, e.g. projects that analyze the trees in the City of Würzburg https://oc.bydata.de/using/usecases/baeumewuerzburg & https://oc.bydata.de/using/usecases/laubnadelwuerzburg

Berlin: yes for better air quality, and the water situation";Confirm;;
I24;Yes;Bavaria: Yes, e.g. projects that analyze the bike usage in the City of Munich https://oc.bydata.de/using/usecases/trendradeln & https://oc.bydata.de/using/usecases/fahrradmuenchen;Confirm;;
I25;Yes;"Bavaria: Yes, e.g. the Start-Up ""Urbansens"" uses open data for analyzing flood risks https://oc.bydata.de/using/usecases/urbansens ";Confirm;;
I26;Yes;"Schleswig-Holstein: 
The Solar potential cadastre https://www.solarkataster-sh.de has been created based on data from the open data portal.";Confirm;;
D4.3d;;;;;
I27;No;"There is currently no study or data available that fits exactly the question. The answer must therefore be ‘no’.
=====
Dashboard Germany, Economics and Economy section: It offers indicators around the economy and the economy, general economic development and recovery plans, as well as specific sectors, external trade, consumption and prices:
https://www.dashboard-deutschland.de/konjunktur_wirtschaft/aussenhandel
Add.: While studies on the economic impact of open data exist, there is no knowledge of recurring data collection.

Berlin (state): this data is available on the plattform of the ""Amt für Statistik Berlin-Brandenburg"" for Berlin. For the new business created we have our daa from the ""Gewerbedatenbank"":
Bevölkerungsdaten: https://www.statistik-berlin-brandenburg.de/bevoelkerung
Daten der Gewerbedatenbank: https://senweb.leto.polyteia.de/app/ac755f96-46a2-49d1-9f60-0534f3b0e833/1a705925-d1d8-49a6-8d12-1d229095f57a";Confirm;;
I28;Yes;"BMAS:
Jobseekers can find out information about job vacancies at https://www.arbeitsagentur.de/jobsuche/ of the Bundesagentur für Arbeit (Federal Employment Agency). ";Confirm;;
I29;Yes;"BMDV:
The BMDV research program mFUND explicitly requests the reuse and/or provision of open data for innovative mobility projects. Here are three examples of funded projects within the mFUND program:
FixMyCity (https://www.fixmycity.de) provides a platform and tools for the planning of bicycle infrastructure. It is based on the mFUND project FixmyBerlin (https://bmdv.bund.de/SharedDocs/DE/Artikel/DG/mfund-projekte/fixmyberlin.html?nn=12830). The tool is open to use under (https://fixmyberlin.de/planungen), helping to improve such infrastructure based on data provided by citizens.
RailBench (https://bmdv.bund.de/SharedDocs/DE/Artikel/DG/mfund-projekte/rail-bench.html) is a currently running mFUND project that is developing a benchmark suite for rail transport automation and will be available under an open license. It's based on the KITTI benchmark suite, and data is provided by Deutsche Bahn and the German Centre for Rail Traffic Research (DZSF). Data can be found here: https://data.fid-move.de/dataset/osdar23.
Wheelmap (https://wheelmap.org/search) is a platform that shows data on accessibility in public spaces and public transport, as well as other locations such as hotels, restaurants, shopping malls, etc. It is based on a selection of projects funded within the mFUND program (https://sor.bz/FZ6U7).

Bavaria: Yes, e.g. the Start-Up ""SE3Labs"" that uses geospatial AI to explore open data https://oc.bydata.de/using/usecases/se3labs

Berlin: aritificial intelligence for example LLM or digital twins";Confirm;;
I30;Yes;"BMWK:
One objective of the German ""Action plan for more women entrepreneurs for our SMEs"" of the German government, business associations, civil society organisations and research institutes is to enhance data transparency concerning female entrepreneurship. Data analysis and transparency provides a basis for evidence-based policy making. (https://www.bmwk.de/Redaktion/EN/Publikationen/Wirtschaft/action-plan-more-women-entrepreneurs-for-our-smes.html) One example is the study the German Ministry for Economic Affairs and Climate Action commissioned the Ludwig Fröhler Institute to conduct concerning the employment situation of women in craft: https://www.bmwk.de/Redaktion/DE/Dossier/Mehr-Unternehmerinnnen-fuer-den-Mittelstand/Textsammlungen/lfi-studie.html

BMDV:
FixMyCity: The successful launch of the toolset and the founding of the company behind it would not have been possible without the mFUND project FixmyBerlin.
GOAT (https://www.open-accessibility.org/) is an interactive, dynamic, and data-driven planning tool for accessibility planning. It is developed by an active community as an open-source project. It is based on the mFUND project GOAT (https://bmdv.bund.de/SharedDocs/DE/Artikel/DG/mfund-projekte/GOAT.html), followed by the currently running project GOAT 3.0 (https://bmdv.bund.de/SharedDocs/DE/Artikel/DG/mfund-projekte/goat-3-0.html). Company website: https://plan4better.de/
Wheelmap: Again, we would like to point out the successfully launched platform Wheelmap (see item I29).

Bavaria: Yes, e.g. the Start-Ups Credium, Urbansens and SE3Labs are built on top of open data";Confirm;;
I31;Yes;"BMWK:
There is currently no study or data available that fits exactly the question. The answer must therefore be ‘no’. 
The Bundesbank only looks at digitalization in general: 
https://www.bundesbank.de/resource/blob/906616/619cb6633927dc5d02c459fc3c5afe60/mL/2023-03-arbeitsproduktivitaet-data.pdf";Confirm;;